location,job_count
Bengaluru,2503
Remote,2009
Gurugram,1886
Noida,1822
Mumbai,1748
Germany,1498
Singapore,1490
Canada,1488
UK,1485
India,1469
USA,1459
Australia,1454
Pune,1440
Chennai,1363
Ahmedabad,1098
Kolkata,765
"Kolkata, Mumbai, New Delhi, Hyderabad, Pune, Chennai, Bengaluru",647
"Mumbai, Kolkata, New Delhi, Hyderabad, Pune, Chennai, Bengaluru",466
New Delhi,357
"Chennai, Kolkata, Mumbai, New Delhi, Hyderabad, Pune, Bengaluru",323
Hybrid - Bengaluru,204
"Pune, Kolkata, Mumbai, New Delhi, Hyderabad, Chennai, Bengaluru",198
"New Delhi, Kolkata, Mumbai, Hyderabad, Pune, Chennai, Bengaluru",189
Navi Mumbai,174
"Chennai, Hyderabad, Bengaluru",168
Mumbai (All Areas),156
Hybrid - Pune,121
"Hybrid - Chennai, Hyderabad, Bengaluru",116
Hybrid - Chennai,94
"Hybrid - Pune, Hyderabad, Bengaluru",86
"Chennai, Pune, Bengaluru",84
Hybrid - Gurugram,82
"Pune, Hyderabad, Bengaluru",81
"Chennai, Bengaluru",77
"Hyderabad, Chennai, Bengaluru",75
"Pune, Chennai, Bengaluru",68
"Hybrid - Hyderabad, Pune, Bengaluru",63
"Hybrid - Hyderabad, Chennai, Bengaluru",56
Hybrid - Noida,55
Hyderabad,52
"Hyderabad, Pune, Bengaluru",50
"Hybrid - Chennai, Pune, Bengaluru",48
"Hybrid - Gurugram, Bengaluru",45
"Hybrid - Pune, Chennai, Bengaluru",45
"Hybrid - Pune, Gurugram, Bengaluru",45
"Hyderabad, Bengaluru",43
"Pune, Gurugram, Bengaluru",42
"Gurugram, Bengaluru",41
Delhi / NCR,40
"Hubli, Mangaluru, Mysuru, Bengaluru, Belgaum",38
"Mumbai, Nagpur, Thane, Nashik, Pune, Aurangabad",38
"Pune, Bengaluru",37
Greater Noida,37
"Ahmedabad, Jamnagar, Rajkot, Surat, Vadodara",37
"Hybrid - Hyderabad, Bengaluru",33
"Hybrid - Chennai, Bengaluru",33
Hybrid - Kolkata,33
Hybrid - Mumbai (All Areas),31
"Chennai, Hyderabad",30
"Hybrid - Hyderabad, Gurugram, Bengaluru",29
Ghaziabad,29
Gurgaon,29
"Pune, Mumbai, Nagpur, Thane, Nashik, Aurangabad",28
"Hybrid - Mumbai (All Areas), Pune, Bengaluru",27
"Noida, Hyderabad, Bengaluru",25
"Hybrid - Noida, Pune, Bengaluru",25
Hybrid - Mumbai,25
"Hybrid - Pune, Bengaluru, Delhi / NCR",24
Hybrid - Ahmedabad,24
"Hybrid - Pune, Bengaluru",23
"Mumbai (All Areas), Bengaluru",23
"Hyderabad, Gurugram, Bengaluru",22
"Mumbai, Navi Mumbai",22
"Hybrid - Delhi / NCR, Pune, Bengaluru",22
"Noida, Pune, Bengaluru",22
"Delhi / NCR, Pune, Bengaluru",21
"Chennai, Pune",21
"Hybrid - Kolkata, Hyderabad, Bengaluru",21
"Pune, Bengaluru, Delhi / NCR",20
"Mumbai, Hyderabad, Bengaluru",19
"Delhi / NCR, Hyderabad, Bengaluru",19
"Hybrid - Noida, Hyderabad, Bengaluru",19
"Hybrid - Pune, Bengaluru, Mumbai (All Areas)",18
"Noida, Bengaluru",18
"Noida, Gurugram",18
"Hyderabad, Bengaluru, Delhi / NCR",17
"Chennai, Gurugram, Bengaluru",17
"Mumbai (All Areas), Chennai, Bengaluru",17
"Panipat, Yamunanagar, Faridabad, Sonipat, Gurugram, Hisar",17
"Kolkata, Hyderabad, Bengaluru",17
"Chennai, Madurai, Tiruppur, Salem, Tiruchirapalli, Coimbatore",16
"Noida, Gurugram, Delhi / NCR",16
"Noida, New Delhi",16
Bangalore Rural,15
"Chennai, Bengaluru, Mumbai (All Areas)",15
"Mumbai, Pune",15
"Hybrid - Pune, Noida, Bengaluru",15
Pune(Baner),15
"Hybrid - Noida, Gurugram",15
"Noida, New Delhi, Gurugram",15
"Ahmedabad, Hyderabad",15
"Mumbai, Bengaluru",14
"Gurugram, Chennai, Bengaluru",14
Mumbai Suburban,14
Faridabad,14
"New York, NY",13
"Kolkata, Chennai, Bengaluru",13
"Hybrid - Mumbai (All Areas), Bengaluru",13
"Pune, Chennai",13
"Pune, Hyderabad",13
"Hybrid - Pune, Hyderabad",13
"Hyderabad, Gurugram",13
"Noida, Hyderabad, Pune",13
"Ahmedabad, Gandhinagar",13
"Mumbai, Delhi / NCR, Bengaluru",12
"Mumbai, Pune, Bengaluru",12
"Mumbai, Pune, Chennai",12
"Navi Mumbai, Mumbai (All Areas)",12
"Mumbai (All Areas), Hyderabad, Bengaluru",12
Hybrid - Delhi / NCR,12
"Hybrid - Chennai, Hyderabad",12
"Chennai, Hyderabad, Pune",12
"Hybrid - Chennai, Pune",12
"Noida, Delhi / NCR",12
"Noida, Greater Noida",12
"Kolkata, Pune, Bengaluru",12
"Kolkata, Bengaluru",12
"Bangalore Rural, Bengaluru",11
"Mumbai, Mumbai Suburban, Mumbai (All Areas)",11
"Hybrid - Noida, Hyderabad, Chennai",11
"Hybrid - Noida, Gurugram, Delhi / NCR",11
"Mumbai (All Areas), Pune, Bengaluru",11
"Hybrid - Gurugram, Bengaluru, Delhi / NCR",10
"Noida, Gurugram, Bengaluru",10
"Hybrid - Mumbai (All Areas), Hyderabad, Bengaluru",10
"Pune, Hyderabad, Chennai",10
"Pune, Gurugram",10
"Hybrid - Noida, Pune, Gurugram",10
"Prayagraj, Varanasi, Ghaziabad, Kanpur, Lucknow, Agra",10
"Hybrid - Gurugram, Chennai, Bengaluru",10
"Hybrid - Noida, Chennai, Bengaluru",10
"Pune, Mumbai",10
"Ahmedabad, Pune",10
"Mumbai, Mumbai Suburban",9
Hybrid - Hyderabad,9
"Delhi / NCR, Hyderabad, India",9
"Hybrid - Delhi / NCR, Hyderabad, Bengaluru",9
"Noida, Hyderabad",9
"Chennai, Kolkata, Bengaluru",9
"Greater Noida, Hyderabad, Pune",9
Noida(Sector 62),9
"Ahmedabad, Chennai, Bengaluru",8
"Hybrid - Noida, Gurugram, Bengaluru",8
"Mumbai, Navi Mumbai, Mumbai (All Areas)",8
"Hybrid - Mumbai, Pune",8
"Hybrid - Mumbai (All Areas), Pune",8
"Mumbai, Hyderabad",8
"Hybrid - Pune, Noida, Gurugram",8
"Pune, Noida, Hyderabad",8
"Hybrid - Delhi / NCR, Gurugram, Bengaluru",8
"Hybrid - Chennai, Noida, Hyderabad",8
Noida(Sector 63),8
"Kolkata, Pune, Chennai",8
Delhi,8
"Mumbai Suburban, Navi Mumbai, Mumbai (All Areas)",8
"Hybrid - Hyderabad, Bengaluru, Delhi / NCR",7
"Hybrid - Mumbai (All Areas), Bengaluru, Delhi / NCR",7
"Pune, Mumbai, Chennai",7
"Pune, Hyderabad, Greater Noida",7
"Hybrid - Pune, Gurugram, Chennai",7
"Hybrid - Pune, Chennai",7
"Gurugram, Delhi / NCR",7
"Delhi / NCR, Mumbai, Bengaluru",7
"New Delhi, Lakshadweep, Chandigarh, Daman & Diu, Jammu",7
"Delhi / NCR, Chennai, Bengaluru",7
"Chennai, Mumbai, Pune",7
"Chennai, Bengaluru, Delhi / NCR",7
"Noida, Chennai, Bengaluru",7
"Hybrid - Noida, Bengaluru",7
"Kolkata, Pune",7
"Hybrid - Kolkata, Pune, Bengaluru",7
"Kolkata, Chennai",7
"Kolkata, New Delhi",7
"Ahmedabad, Chennai",7
"Mumbai, Gurugram, Bengaluru",7
"Kolkata, Siliguri, Asansol, Durgapur, Haldia",7
"Noida, Mumbai, Hyderabad, Pune, Chennai, Gurugram, Bengaluru",6
"Hybrid - Mumbai, Bengaluru",6
"Mumbai, Gurugram",6
"Mumbai, Chennai, Bengaluru",6
"Mumbai, Pune, Gurugram",6
"Mumbai (All Areas), Pune, Chennai",6
"Hybrid - Mumbai (All Areas), Chennai, Bengaluru",6
Hybrid - Pune(Baner),6
"Hyderabad, Pune, Greater Noida",6
"Chennai, Mumbai, Bengaluru",6
"Noida, Pune",6
Hybrid - Noida(Sector 135),6
"Hybrid - Greater Noida, Hyderabad, Pune",6
"Gurgaon, Delhi",6
"Kolkata, Hyderabad, Chennai",6
"Hybrid - Bengaluru, Mumbai (All Areas)",6
"Noida, Patna, Kanpur, Supaul",6
"Bengaluru, Mumbai (All Areas)",5
"Mumbai, Noida, Hyderabad, Pune, Chennai, Gurugram, Bengaluru",5
"Mumbai (All Areas), Pune",5
"Mumbai (All Areas), Bengaluru, Delhi / NCR",5
"Mumbai, Chennai",5
Hybrid - Pune(Hinjewadi Phase 1),5
"Pune, Kolkata",5
"Delhi / NCR, Noida, Gurugram",5
"Hybrid - Delhi / NCR, Noida, Gurugram",5
"New Delhi, Gurugram, Delhi / NCR",5
"Hybrid - Chennai, Hyderabad, Pune",5
"Chennai, Ahmedabad, Bengaluru",5
"Hybrid - Chennai, Gurugram, Bengaluru",5
Chennai(Perungudi),5
"Hybrid - Noida, Chandigarh, Delhi / NCR",5
"Noida, Hyderabad, Chennai",5
"Noida, Pune, Chennai",5
"Hybrid - Gurugram, Delhi / NCR",5
"Kolkata, Hyderabad, Pune",5
Kolkata(Sector 5 Salt Lake),5
Kolkata(New Town),5
Kolkata(Salt Lake),5
"Hybrid - Mumbai (All Areas), Hyderabad, Pune",5
Pune(Viman Nagar),5
Pune(Hinjewadi Phase 1),5
Noida(Sector 135),5
Noida(Sector 125),5
Ahmedabad(Bodakdev),5
"Hybrid - Mumbai, Pune, Bengaluru",5
"Pune, Nashik",5
"San Francisco, CA",4
"Hyderabad, India, Bengaluru",4
"Hybrid - Kolkata, Bengaluru",4
"Mumbai, Hyderabad, Pune, Chennai, Bengaluru",4
"Hybrid - Mumbai (All Areas), Pune, Delhi / NCR",4
"Mumbai (All Areas), Hyderabad, Chennai",4
"Hybrid - Navi Mumbai, Mumbai (All Areas)",4
"Mumbai (All Areas), Thane",4
"Mumbai (All Areas), Kolkata, Bengaluru",4
"Mumbai, Bengaluru, Delhi / NCR",4
"Mumbai, New Delhi, Bengaluru",4
"Pune, Noida, Mumbai, Hyderabad, Chennai, Gurugram, Bengaluru",4
"Hybrid - Pune, Hyderabad, Chennai",4
"Pune, Mumbai, Bengaluru",4
"Hybrid - Pune, Mumbai",4
"Pune, Nagpur",4
"Pune, Noida, Bengaluru",4
Pune(Kharadi),4
"Hybrid - Pune, Kolkata, Bengaluru",4
"Pune, Mumbai, Gurugram",4
Hybrid - Greater Noida,4
Gurgaon/Gurugram,4
"Hybrid - Hyderabad, Gurugram",4
"Noida, Pune, Greater Noida",4
"Hybrid - Hyderabad, Pune, Gurugram",4
"Chennai, Noida, Mumbai, Hyderabad, Pune, Gurugram, Bengaluru",4
"Chennai, Kolkata, Hyderabad",4
"Hybrid - Chennai, Coimbatore, Bengaluru",4
"Chennai, Coimbatore",4
"Chennai, Hyderabad, Mumbai (All Areas)",4
Chennai(Guindy),4
"Hyderabad, Pune, Gurugram",4
"Gurugram, Jaipur",4
"Gurugram, Bengaluru, Mumbai (All Areas)",4
Gurugram(Sector 48),4
"Hybrid - Kolkata, Pune",4
"Kolkata, Pune, Mumbai (All Areas)",4
"Kolkata, Bengaluru, Mumbai (All Areas)",4
"Ahmedabad, Hyderabad, Gurugram",4
"Bengaluru, Bengaluru",4
"Pune, Bengaluru, Mumbai (All Areas)",4
"Navi Mumbai, Thane, Mumbai (All Areas)",4
"Mumbai, Thane",4
"Chennai, Noida, Hyderabad",4
"Noida, Mumbai, Bengaluru",4
"Noida, Ghaziabad, Faridabad, Gurugram, Delhi / NCR",4
"Noida, Pune, Gurugram",4
"Ahmedabad, Vadodara",4
"Ahmedabad, Mumbai, Pune",4
"Mumbai (All Areas), Chennai",4
"Chennai, Noida, Bengaluru",4
Noida(Sector 3),4
"New Delhi, Gurugram",4
Bengaluru(Koramangala),4
Mumbai (All Areas)(Andheri East),4
"Indore, Pune, Bengaluru",4
"Atlanta, GA",3
"Boston, MA",3
"Hybrid - Noida, Kolkata, Bengaluru",3
"Pune, Delhi / NCR, Bengaluru",3
"New Delhi, Pune, Bengaluru",3
"Mumbai (All Areas), Kolkata, Pune",3
"Navi Mumbai, Hyderabad, Bengaluru",3
Hybrid - Navi Mumbai,3
"Hybrid - Mumbai(Goregaon), Bengaluru",3
"Mumbai, Pune, Delhi / NCR",3
"Navi Mumbai, Pune(Viman Nagar), Mumbai (All Areas)",3
"Mumbai (All Areas), Gurugram, Bengaluru",3
"Hybrid - Hyderabad, Pune, Chennai",3
Hybrid - Pune(Kalyani Nagar),3
"Pune, Hyderabad, Delhi / NCR",3
"Hybrid - Pune, Hyderabad, Delhi / NCR",3
"Hybrid - Pune, Delhi / NCR",3
"Pune, Kolkata, Chennai",3
"Hybrid - Pune, Mumbai (All Areas)",3
"Hybrid - Pune, Gurugram",3
"Pune, Noida, Greater Noida",3
"Pune, Mumbai, Delhi / NCR",3
"Pune, Kolkata, Hyderabad",3
"Pune, Mumbai (All Areas)",3
"New Delhi, Noida, Greater Noida",3
"Delhi / NCR, India, Bengaluru",3
"Delhi / NCR, Hyderabad, Pune",3
"Hybrid - Delhi / NCR, Chennai, Bengaluru",3
"Hybrid - Delhi / NCR, Hyderabad, Pune",3
"Hybrid - Delhi / NCR, Pune",3
"Delhi / NCR, Bengaluru, Mumbai (All Areas)",3
"Hybrid - Delhi / NCR, Bengaluru, Mumbai (All Areas)",3
"Noida, Hyderabad, Pune, Chennai, Bengaluru",3
Chennai(Taramani),3
"Hybrid - Chennai, Bengaluru, Delhi / NCR",3
"Chennai, Kolkata, Delhi / NCR",3
"Chennai, Kolkata, Pune",3
"Noida, New Delhi, Greater Noida",3
"Noida, New Delhi, Delhi / NCR",3
"Noida, Greater Noida, Delhi / NCR",3
Noida(Sector 16),3
"Hybrid - Noida, Hyderabad, Pune",3
"Noida, Hyderabad, Mumbai (All Areas)",3
Noida(Sector 129),3
"Hybrid - Noida, Delhi / NCR",3
"Noida, Chennai",3
"Hybrid - Kolkata, Ahmedabad, Mumbai (All Areas)",3
"Hybrid - Kolkata, Noida, Bengaluru",3
"Hybrid - Kolkata, Hyderabad, Pune",3
"Kolkata, Chennai, Delhi / NCR",3
"Kolkata, Bhubaneswar",3
"Kolkata, Kochi",3
"Kolkata, Bangalore Rural",3
"Hybrid - Kolkata, Ahmedabad, Chennai",3
"Hybrid - Ahmedabad, Kolkata, Mumbai (All Areas)",3
"Hybrid - Ahmedabad, Chennai, Bengaluru",3
"Ahmedabad, Hyderabad, Bengaluru",3
"Hybrid - Ahmedabad, Kolkata, Chennai",3
Hybrid - Bengaluru(Bellandur),3
Hybrid - Bangalore Rural,3
Mumbai(Andheri),3
"Mumbai, Kursela",3
"Mumbai (All Areas), Hyderabad",3
Hybrid - Pune(Kharadi),3
"Hybrid - Chennai, India",3
"Hybrid - Chennai, Noida, Bengaluru",3
Greater Noida(Kasna),3
"Noida, Delhi",3
Gurugram(Udyog Vihar Phase 4),3
Gurugram(Sector 19),3
"Kolkata, Hyderabad",3
"Kolkata, Mumbai",3
Ahmedabad(Makarba),3
"Ahmedabad, Rajkot",3
"Ahmedabad, Sanand",3
"Ahmedabad, Mumbai",3
Pune(Kothrud),3
Pune(Hinjewadi),3
"Pune, Ahmedabad",3
"Chennai, Nagercoil",3
"Chennai, Mumbai (All Areas)",3
"Noida, Gurugram, Alwar",3
Kolkata(Ballygunge),3
"Hyderabad, Bengaluru, Mumbai (All Areas)",3
"Mumbai (All Areas), Delhi / NCR",3
"Delhi / NCR, Mumbai (All Areas)",3
"Hybrid - Hyderabad, Bengaluru, Mumbai (All Areas)",3
"Mumbai, Mumbai Suburban, Navi Mumbai",3
"Pune, Goregaon",3
"Noida, Jaipur, Bengaluru",3
"Navi Mumbai, Thane, Mumbai (All Areas)(Airoli)",3
"Branchburg, NJ",2
"Lanham, MD",2
"San Jose, CA",2
"Bridgeton, MO",2
"Seattle, WA",2
"San Carlos, CA",2
"Dallas, TX",2
"San Mateo, CA",2
"Chicago, IL",2
"Mountain View, CA",2
"Lehi, UT",2
"Newtown Square, PA",2
"Redwood City, CA",2
United States,2
"Las Vegas, NV",2
"Franklin, VA",2
Bengaluru(Old Airport Road),2
"Hyderabad, Pune, Chennai, Gurugram, Bengaluru",2
"India, Bengaluru, Delhi / NCR",2
Hybrid - Bengaluru(C V Raman Nagar),2
"Hybrid - Navi Mumbai, Pune, Bengaluru",2
Bengaluru(Whitefield),2
Hybrid - Bengaluru(Brookefield),2
Bengaluru(Hebbal),2
"Hyderabad, Navi Mumbai, Bengaluru",2
"Mumbai (All Areas), Gurugram, Delhi / NCR",2
"Mumbai, Hyderabad, Gurugram",2
Mumbai(Wadala),2
"Hybrid - Mumbai, Chennai, Bengaluru",2
"Hybrid - Mumbai Suburban, Navi Mumbai, Mumbai (All Areas)",2
"Hybrid - Mumbai (All Areas), Chennai, India",2
"Hybrid - Mumbai (All Areas), Pune, Chennai",2
"Mumbai, Mumbai (All Areas)",2
"Mumbai(Airoli), Navi Mumbai",2
"Mumbai(Ghansoli), Navi Mumbai",2
"Mumbai, Bengaluru, Thiruvananthapuram",2
"Hybrid - Mumbai, Bhubaneswar, Bengaluru",2
"Hybrid - Mumbai (All Areas), Kolkata",2
Mumbai(Airoli),2
"Hybrid - Navi Mumbai, Bengaluru, Mumbai (All Areas)",2
"Hybrid - Mumbai (All Areas), Hyderabad, Pune, Gurugram, Chennai, Bengaluru",2
"Noida, Hyderabad, Pune, Gurugram, Bengaluru",2
"Hybrid - Pune, Navi Mumbai, Bengaluru",2
"Hybrid - Pune, Kolkata",2
"Pune, Kolkata, Mumbai (All Areas)",2
Pune(Hinjewadi Phase 1 +3),2
Pune(Wakad),2
"Pune, New Delhi, Bengaluru",2
"Pune, Kolkata, Bengaluru",2
"Pune, Indore, Bengaluru",2
"Hybrid - Pune, Indore, Bengaluru",2
"Pune, Pune",2
"Delhi / NCR, Gurugram, Mumbai (All Areas)",2
New Delhi(Saket),2
"Hybrid - Delhi / NCR, Noida, Chandigarh",2
"New Delhi, Chennai, Bengaluru",2
"Delhi / NCR, Kolkata, Chennai",2
Gurugram(Cyber City),2
"Hybrid - Delhi / NCR, Pune, Mumbai (All Areas)",2
"Delhi / NCR, Pune, Chennai",2
"Delhi / NCR, Mumbai, Pune",2
"Delhi / NCR, Bengaluru",2
"New Delhi, Hyderabad, Bengaluru",2
"Hybrid - Gurugram, Bengaluru, Mumbai (All Areas)",2
"Noida, Kochi, Bengaluru",2
"Noida, Mumbai, Hyderabad, Pune, Chennai, Bengaluru",2
"Delhi / NCR, Noida",2
"Kolkata, Hyderabad, Ahmedabad, Chennai, Bengaluru",2
"Chennai, Bhubaneswar, Bengaluru",2
"Hybrid - Chennai, Pune, Gurugram",2
"Chennai, Coimbatore, Bengaluru",2
"Chennai, Visakhapatnam, Bengaluru",2
Hybrid - Chennai(Sholinganallur),2
"Chennai, Pune, Delhi / NCR",2
"Hybrid - Chennai, Kochi, Bengaluru",2
"Hybrid - Chennai, Mumbai, Bengaluru",2
"Hybrid - Chennai, India, Mumbai (All Areas)",2
"Hybrid - Chennai, Pune, Mumbai (All Areas)",2
"Hybrid - Chennai, india",2
"Chennai, Nagpur",2
"Chennai, Pune, Coimbatore",2
"Chennai, Hyderabad, Pune, Bengaluru",2
"Hybrid - Greater Noida, Hyderabad, Bengaluru",2
"Hybrid - Noida, Greater Noida",2
"Hybrid - Noida, Hyderabad, Gurugram",2
"Noida, Hyderabad, Gurugram",2
Hybrid - Noida(Sector 16),2
Noida(Sector 2),2
"Hybrid - Noida, Kochi, Bengaluru",2
"Noida, Indore, Bengaluru",2
"Noida, Mumbai",2
"Hybrid - Noida, Kolkata, Ahmedabad",2
"Hybrid - Noida, Pune, Mumbai (All Areas)",2
"Noida, Mumbai, Pune, Chennai, Ahmedabad, Bengaluru",2
"Noida, Kuwait",2
"Noida, Mumbai, Ahmedabad",2
Noida(NSEZ),2
"Noida, Kolkata, Hyderabad, Pune, Chennai, Gurugram, Bengaluru",2
Noida(C Block Sector 62),2
"Gurugram, Delhi / NCR, Mumbai (All Areas)",2
"Panipat, Rewari, Chandigarh, Yamunanagar, Faridabad, Sonipat, Gurugram, Hisar",2
"Hyderabad, Pune, Gurugram, Bengaluru",2
"Hybrid - New Delhi, Gurugram, Delhi / NCR",2
"Mohali, Gurugram",2
"Hybrid - Hyderabad, Pune, Gurugram, Chennai, Bengaluru, Mumbai (All Areas)",2
"Kochi, Hyderabad, Pune, Gurugram, Chennai, Bengaluru, Thiruvananthapuram",2
"Hyderabad, Gurugram, Ahmedabad",2
"Hyderabad, Ahmedabad, Gurugram",2
Gurugram(Udyog Vihar),2
"Kolkata, Hyderabad, Pune, Chennai, Bengaluru",2
"Kolkata, Delhi / NCR",2
"Kolkata, New Delhi, Bengaluru",2
"Hybrid - Kolkata, Mumbai (All Areas)",2
"Kolkata, Ahmedabad, Bengaluru",2
"Kolkata, Pune, Delhi / NCR",2
"Hybrid - Kolkata, Mumbai",2
Kolkata(Taratala),2
"Hybrid - Kolkata, Noida, Ahmedabad",2
"Kolkata, Delhi / NCR, Mumbai (All Areas)",2
Kolkata(Dalhousie),2
"Hybrid - Ahmedabad, Hosur, Bengaluru",2
Ahmedabad(Prahlad Nagar),2
"Ahmedabad, Indore, Hyderabad",2
"Ahmedabad, Kolkata, Bengaluru",2
"Hybrid - Ahmedabad, Noida, Kolkata",2
"Ahmedabad, Noida, Mumbai, Pune, Chennai, Bengaluru",2
"Ahmedabad, Noida, Mumbai",2
"Hybrid - Bengaluru, india",2
"Hybrid - New Delhi, Bengaluru, Mumbai (All Areas)",2
"Hybrid - Bengaluru, Delhi / NCR, Mumbai (All Areas)",2
"Mumbai (All Areas), India, Bengaluru",2
"Mumbai, Thane, Mumbai (All Areas)",2
"Hybrid - Mumbai (All Areas), New Delhi, Bengaluru",2
Mumbai(Goregaon East),2
Mumbai(Bandra Kurla Complex),2
Mumbai(Lower Parel),2
"Mumbai, Noida, Bengaluru",2
"Pune, Hyderabad, Gurugram",2
"Pune, Chandigarh",2
"Hybrid - Pune, Gurugram, Delhi / NCR",2
"Hybrid - Pune, Hyderabad, Mumbai (All Areas)",2
"Hybrid - Pune, Kolkata, Gurugram",2
"Pune, Hyderabad, Chennai, Bengaluru",2
Pune(Hadapsar),2
"Delhi, Gurgaon",2
New Delhi(Okhla),2
Gurugram(Sector 74A),2
"New Delhi, Mumbai, Bengaluru",2
Noida(Sector 142),2
"Hybrid - Delhi / NCR, Pune, Gurugram",2
"Chennai, Kolkata, Thane",2
"Chennai, Mumbai",2
"Chennai(Ambattur Industrial Estate), Ambattur",2
Chennai(T Nagar),2
"Chennai, Mumbai, Hyderabad, New Delhi, Bengaluru",2
"Chennai, India",2
"Chennai, Kolkata, Bhopal, Mumbai, Hyderabad, New Delhi, Pune, Bengaluru",2
"Noida, India",2
Greater Noida(Pari Chowk),2
Noida(Sector 106),2
"Noida, Kanpur, Greater Noida",2
"Noida, Pune, Ahmedabad",2
Noida(Sector 7),2
Noida(Sector 63A),2
"Hybrid - Kolkata, Pune, Gurugram",2
Gurugram(Sector 18),2
"Kolkata, Thane, Chennai",2
"Kolkata, Bhopal, Mumbai, Hyderabad, New Delhi, Pune, Chennai, Bengaluru",2
"Hybrid - Kolkata, Hyderabad, Ahmedabad",2
"Kolkata, Hyderabad, Pune, Ahmedabad, Chennai, Bengaluru, Delhi / NCR, Mumbai (All Areas)",2
Kolkata(New Alipore),2
Kolkata(Park Circus),2
Kolkata(Alipore),2
Kolkata(Park Street),2
Ahmedabad(Sanand),2
"Ahmedabad, Kuha",2
Ahmedabad(Changodar),2
"Hybrid - Ahmedabad, Kolkata, Hyderabad",2
"Ahmedabad, Bengaluru",2
"Ahmedabad, Kolkata, Hyderabad, Pune, Chennai, Bengaluru, Delhi / NCR, Mumbai (All Areas)",2
"Ahmedabad, Noida, Pune",2
"Ahmedabad, Pune, Chennai",2
"Ahmedabad, Chandigarh",2
Ahmedabad(Thaltej),2
"Ahmedabad, New Delhi",2
"Remote, Hyderabad, Bengaluru",2
"Hybrid - Bhubaneswar, Indore, Bengaluru",2
"Gurugram, Bengaluru, Delhi / NCR",2
"Visakhapatnam, Chennai, Bengaluru",2
"Hybrid - Mumbai, Bhubaneswar, Indore",2
Mumbai(Rabale),2
"Mumbai (All Areas), Gurugram, Chennai",2
"Mumbai (All Areas), Bhubaneswar, Pune",2
Mumbai(Goregaon),2
"Hybrid - Mumbai, Kolkata",2
Mumbai(Bhayander West),2
"Mumbai, New Delhi, Faridabad, Greater Noida",2
"Mumbai, Hyderabad, Chennai",2
"Hybrid - Hyderabad, Kolkata, Bengaluru",2
"Hybrid - Pune, Hyderabad, Gurugram, Chennai, Bengaluru, Mumbai (All Areas)",2
Hybrid - Pune(Magarpatta),2
Pune(Magarpatta +1),2
"Pune, Noida",2
"Hybrid - Pune, Noida, Hyderabad",2
"Noida, New Delhi, Faridabad, Gurugram, Delhi / NCR",2
"New Delhi, Noida, Gurugram",2
"Gurugram, Chennai, Mumbai (All Areas)",2
"Ghaziabad, Bengaluru",2
"New Delhi, Chennai",2
"Hybrid - Chennai, Hyderabad, Pune, Gurugram, Bengaluru, Mumbai (All Areas)",2
"Chennai, Gurugram, Mumbai (All Areas)",2
"Chennai, Kolkata",2
"Chennai, Noida, Mumbai, Hyderabad, Pune, Gurugram, Coimbatore, Bengaluru",2
"Chennai, New Delhi",2
"Hybrid - Chennai, Bengaluru, Mumbai (All Areas)",2
"Noida, Bengaluru, Delhi / NCR",2
"Noida, Ghaziabad, Delhi / NCR",2
"Greater Noida, Mumbai, New Delhi, Faridabad",2
"Hybrid - Noida, Pune",2
"Faridabad, Gurugram, Delhi / NCR",2
"Hybrid - New Delhi, Gurugram",2
Gurugram(Sohna Road),2
"Hybrid - Indore, Gurugram, Bengaluru",2
"Hybrid - Kolkata, Ahmedabad, Bengaluru",2
"Kolkata, Bengaluru, Delhi / NCR",2
"Kolkata, Mumbai, New Delhi, Pune, Chennai, Bengaluru",2
Kolkata(Minto Park),2
"Hybrid - Ahmedabad, Kolkata, Bengaluru",2
"Ahmedabad, Rajkot, Vadodara",2
"Ahmedabad, Pune, Mumbai (All Areas)",2
Ahmedabad(Ring Road),2
"Bengaluru, Delhi / NCR, Mumbai (All Areas)",2
"Mumbai, Thane, Navi Mumbai",2
"Pune, Hyderabad, Gurugram, Bengaluru",2
"Pune, Chennai, Coimbatore",2
"Hybrid - Delhi / NCR, Gurugram",2
"Hybrid - Noida, Chennai",2
"Gurugram, Chennai",2
"Remote, Delhi / NCR",2
"Hybrid - Bangalore Rural, Bengaluru",2
Mumbai(Marol),2
"Navi Mumbai, Mumbai (All Areas)(Ghansoli)",2
"Mumbai (All Areas), India",2
"Hybrid - Mumbai (All Areas), Thane",2
"Mumbai, Mumbai",2
New Delhi(Defence Colony),2
Gurugram(Sector 44),2
"Kolkata, Kolkata",2
"Bhopal, Bengaluru",2
"Hybrid - Chandigarh, Gurugram, Bengaluru",2
Bangalore/Bengaluru,2
"Mumbai (All Areas), Hyderabad, Pune",2
Mumbai(Andheri East),2
"Navi Mumbai, Pune, Bengaluru",2
"Mumbai Suburban, Mumbai (All Areas)",2
Mumbai(Prabhadevi),2
"Hybrid - Mumbai (All Areas), Pune, Gurugram",2
"Mumbai (All Areas)(Goregaon), Hyderabad(Narsingi), Chennai(Siruseri Sipcot IT Park)",2
"Memphis, TN",1
"Plano, TX",1
"Cupertino, CA",1
"Hyderabad, Delhi / NCR, Bengaluru",1
"Hybrid - Bangalore Rural, Pune, Gurugram",1
"Hosur, Bengaluru",1
Bengaluru(HRBR Layout),1
"Noida, Bhubaneswar, Kolkata, Mumbai, New Delhi, Hyderabad, Pune, Chennai, Bengaluru",1
"Bhubaneswar, Chennai, Bengaluru",1
Hybrid - Bengaluru(JP Nagar),1
"Mumbai, Pune, Chennai, Gurugram, Bengaluru",1
"Hybrid - Hyderabad, Bengaluru(Manayata Tech Park)",1
"Bengaluru, Jammu",1
Bengaluru(HSR Layout),1
"Hyderabad, Banglore, Kerala",1
Bengaluru(Whitefield +1),1
"Hybrid - Kochi, Bengaluru",1
"Hybrid - Bangalore Rural, Hyderabad, Pune",1
Hybrid - Bengaluru(Whitefield),1
"India, Bengaluru, Mumbai (All Areas)",1
"Hybrid - Hosur, Ahmedabad, Bengaluru",1
"Mumbai, Hyderabad, Gurugram, Bengaluru",1
"Kolkata, Hyderabad, New Delhi, Chennai, Bengaluru",1
Mumbai(Tardeo),1
"Mumbai, Noida, Bhubaneswar, Kolkata, New Delhi, Hyderabad, Pune, Chennai, Bengaluru",1
"Mumbai(Bandra Kurla Complex), Hyderabad",1
"Mumbai(Bandra Kurla Complex), Navi Mumbai, Mumbai (All Areas)",1
"Hybrid - Mumbai (All Areas), Chennai, Delhi / NCR",1
"Hybrid - Mumbai (All Areas), Kolkata, Ahmedabad",1
"Mumbai, Hyderabad, Delhi / NCR",1
"Mumbai Suburban, Hyderabad, Bengaluru",1
"Mumbai (All Areas), Noida, Delhi / NCR",1
"Mumbai (All Areas), Kolkata, Hyderabad",1
"Mumbai (All Areas), Bhubaneswar, Delhi / NCR",1
"Hybrid - Mumbai (All Areas), Chandigarh, Thiruvananthapuram",1
"Hybrid - Mumbai (All Areas), Indore, Bengaluru",1
"Hybrid - Mumbai (All Areas), Hyderabad, Ahmedabad",1
"Mumbai (All Areas), Bhubaneswar",1
"Mumbai, Pune, Gurugram, Bengaluru",1
"Hybrid - Mumbai (All Areas), Gurugram, Bengaluru",1
"Mumbai, Coimbatore, Bengaluru",1
Hybrid - Mumbai (All Areas)(Powai),1
"Mumbai (All Areas), Bhopal, Hyderabad, Gurugram, Chennai, Jaipur, Bengaluru",1
"Mumbai, Noida, Hyderabad, Pune, Chennai, Bengaluru",1
Mumbai(Hiranandani Gardens Powai),1
"Mumbai, United States (USA)",1
Hybrid - Mumbai Suburban,1
"Navi Mumbai, Mumbai (All Areas)(Airoli)",1
"Mumbai(SEEPZ +1), Thane, Mumbai (All Areas)",1
"Mumbai, Nashik, Pune",1
"Navi Mumbai, Thane, Mumbai (All Areas)(Andheri East)",1
"Mumbai(Belapur), Pune(Baner)",1
"Hybrid - Mumbai (All Areas), Bhubaneswar, Indore, Gurugram",1
"Hybrid - Mumbai (All Areas), Chennai",1
"Hybrid - Mumbai, Noida, Pune",1
"Navi Mumbai, Nagpur, Pune",1
"Hybrid - Mumbai, Pune, Gurugram",1
"Hybrid - Mumbai (All Areas), Pune, Tiruchirapalli(Trichy)",1
"Mumbai, Noida, Mumbai Suburban, Nagar, Bengaluru",1
Mumbai(Masjid Bunder),1
"Navi Mumbai, Pune, Chennai",1
"Mumbai, Hyderabad, Chennai, Coimbatore, Bengaluru",1
"Noida, Mumbai, Hyderabad, Pune, Ahmedabad",1
"Hyderabad, Chennai",1
"Hyderabad, Noida, Mumbai, Pune, Chennai, Gurugram, Bengaluru",1
"Pune, Mumbai, Chennai, Gurugram, Bengaluru",1
"Noida, Mumbai, Navi Mumbai, Pune, Bengaluru",1
"Pune, Hyderabad, Chennai, Gurugram, Bengaluru",1
"Pune, Surat",1
"Hybrid - Pune, Kolkata, Hyderabad",1
"Pune, Bhubaneswar, Nagpur",1
"Hybrid - Pune, Bangalore Rural, Gurugram",1
"Pune, Noida, Bhubaneswar, Kolkata, Mumbai, New Delhi, Hyderabad, Chennai, Bengaluru",1
Pune(Balewadi),1
Hybrid - Pune(Viman Nagar +1),1
"Pune, Sonipat",1
"Pune, Pimpri-Chinchwad",1
"Hybrid - Pune, Hyderabad, Bangalore Rural",1
"Hybrid - Pune, Bengaluru, Thiruvananthapuram",1
"Pune, Coimbatore",1
"Hybrid - Pune, Kolkata, Chennai",1
Pune(Yerwada),1
"Hybrid - Pune, Delhi / NCR, Mumbai (All Areas)",1
"Pune, Chennai, Delhi / NCR",1
"Hybrid - Pune, Bhubaneswar, Hyderabad",1
"Pune, New Delhi, Hyderabad",1
"Pune, Delhi / NCR",1
"Hybrid - Pune, Hyderabad, Chennai, Bengaluru, Vadodara",1
"Pune, Noida, Nagpur",1
"Pune, Indore, New Delhi",1
"Pune, New Delhi, Delhi / NCR",1
"Pune, Indore",1
"Pune, Hyderabad, Bengaluru(Yeshwanthpur)",1
"Pune, Mumbai, Gurugram, Bengaluru",1
"Hybrid - Pune(Kalyani Nagar), Noida(Sector 142), Chennai(Manapakkam)",1
"Hybrid - Pune, Chennai, Mumbai (All Areas)",1
"Hybrid - Pune, Hyderabad, Coimbatore",1
"Pune, Noida, Mumbai, Hyderabad, Chennai, Bengaluru",1
"Pune, Bhopal, Hyderabad, Chennai, Gurugram, Jaipur, Bengaluru",1
"Pune(Viman Nagar), Navi Mumbai, Mumbai (All Areas)",1
"Hybrid - Pune, Bhopal, Hyderabad",1
"Noida, New Delhi, Gurugram, Bengaluru",1
"Delhi / NCR, Chennai",1
"Pahari, Faridabad, Gurugram",1
"Delhi / NCR, Kolkata",1
Gurugram(Gwal Pahari),1
"Delhi / NCR, Gurugram",1
"New Delhi, Noida, Delhi / NCR",1
"New Delhi, Noida, Bhubaneswar, Kolkata, Mumbai, Hyderabad, Pune, Chennai, Bengaluru",1
"Delhi / NCR, Hyderabad",1
"Hyderabad, Chennai, Gurugram, Bengaluru",1
"Hybrid - New Delhi, Noida",1
"Delhi / NCR, Kochi, Bengaluru",1
"Hybrid - Delhi / NCR, Chennai, Mumbai (All Areas)",1
"Hybrid - Hyderabad, Bengaluru, Greater Noida",1
"Hybrid - Kolkata, Gurugram, Bengaluru",1
"Bangalore Rural, Gurugram, Bengaluru",1
"Delhi / NCR, Mumbai, Hyderabad",1
"Delhi / NCR, Noida, Mumbai (All Areas)",1
"Delhi / NCR, Bhubaneswar, Mumbai (All Areas)",1
"New Delhi, Hyderabad, Pune",1
"Delhi / NCR, Pune",1
"Noida, Gurugram, Manesar",1
Noida(Sector 16A),1
"Noida, Nagpur, Pune",1
"New Delhi, Indore, Pune",1
"New Delhi, Pune, Delhi / NCR",1
"Hybrid - New Delhi, Hyderabad, Bengaluru",1
"Kolkata, Gurugram, Bengaluru",1
New Delhi(Okhla Phase 3),1
"Delhi / NCR, Chennai, Bengaluru, Remote",1
"Hybrid - Noida(Sector 142), Pune(Kalyani Nagar), Chennai(Manapakkam)",1
"Bhopal, Hyderabad, Gurugram, Chennai, Jaipur, Bengaluru, Mumbai (All Areas)",1
"Bhopal, Hyderabad, Pune, Chennai, Gurugram, Jaipur, Bengaluru",1
"Indore, Gurugram, Bengaluru, Raipur",1
"Delhi / NCR, Dwarka Sector 07",1
Noida(Sector 140A Noida),1
Hybrid - Noida(Sector 6),1
New Delhi(Alaknanda),1
"Chennai, Mumbai, Pune, Gurugram, Bengaluru",1
"Chennai, Delhi / NCR",1
"Chennai, Hyderabad, Pune, Gurugram, Bengaluru",1
"Chennai, Noida, Bhubaneswar, Kolkata, Mumbai, New Delhi, Hyderabad, Pune, Bengaluru",1
"Hybrid - Chennai, Coimbatore",1
Chennai(Tamil Nagar),1
"Chennai, Hyderabad, Gurugram, Bengaluru",1
"Hybrid - Chennai, Kolkata, Pune",1
"Chennai, New Delhi, Bengaluru",1
"Chennai, Hyderabad, Thiruvananthapuram",1
"Chennai, Malaysia",1
"Hybrid - Chennai, Delhi / NCR, Mumbai (All Areas)",1
"Chennai, Coimbatore, Vellore",1
"Hybrid - Chennai, Bhubaneswar, Bengaluru",1
"Hybrid - Chennai, Hyderabad, Pune, Bengaluru, Vadodara",1
"Chennai, Bangalore Rural, Bengaluru",1
"Chennai, Kolkata, Visakhapatnam",1
"Hybrid - Chennai(Manapakkam), Noida(Sector 142), Pune(Kalyani Nagar)",1
"Chennai, Bengaluru, Delhi / NCR, Remote",1
"Chennai, Bhopal, Hyderabad, Gurugram, Jaipur, Bengaluru, Mumbai (All Areas)",1
"Chennai, Noida, Mumbai, Hyderabad, Pune, Bengaluru",1
"Chennai, Bhopal, Hyderabad, Pune, Gurugram, Jaipur, Bengaluru",1
Chennai(OMR),1
Hybrid - Chennai(Chennai Central RS),1
"Chennai, Noida, Hyderabad, Pune, Bengaluru",1
"Chennai, Indore, Hyderabad",1
Chennai(Anna Nagar),1
"Hybrid - Chennai, pan india",1
"Noida, Hyderabad, New Delhi, Faridabad, Gurugram",1
"Noida, Mumbai, New Delhi, Gurugram, Bengaluru",1
"Hybrid - Noida, New Delhi",1
"Noida, Delhi / NCR, Mumbai (All Areas)",1
"Hybrid - Noida, haryna",1
"Hybrid - Noida, Jaipur, Delhi / NCR",1
"Hybrid - Noida, Mumbai, Pune",1
"Noida, Mumbai, Mumbai Suburban, Nagar, Bengaluru",1
Greater Noida(Knowledge Park 3),1
"Noida, Bhubaneswar, Hyderabad",1
"Hybrid - Noida, New Delhi, Bengaluru",1
"Hybrid - Noida, Pune, Chennai",1
"Noida, Hyderabad, New Delhi, Pune, Gurugram, Bengaluru",1
"Noida, New Delhi, Faridabad",1
"Noida, Sector 63",1
"Noida, Pune, Jaipur",1
Hybrid - Noida Sector 62,1
"Hybrid - Noida, Ahmedabad, Chennai",1
"Hybrid - Noida, Ahmedabad, Delhi / NCR",1
"Hybrid - Greater Noida, Pune",1
"Noida, Karnal, Delhi / NCR",1
"Noida, New Delhi, United States (USA)",1
"Noida, Hyderabad, India",1
"Noida, Hyderabad, Delhi / NCR",1
"Hybrid - Noida, Mumbai, Bengaluru",1
"Hybrid - Greater Noida, New Delhi, Delhi / NCR",1
"Noida, Hyderabad, Pune, Chennai, Bengaluru, Mumbai (All Areas)",1
"Hybrid - Noida, Hyderabad, Pune, Bengaluru, Mumbai (All Areas)",1
"Noida, Hyderabad, Pune, Chennai, Gurugram, Bengaluru",1
"Noida, Jaipur",1
Noida(Sector 90),1
"Noida, Hyderabad, Pune, Chennai, Coimbatore, Bengaluru",1
"Hybrid - Noida(Sector 142), Gurugram, Delhi / NCR",1
"Noida, Hyderabad, Greater Noida",1
"Noida, Hosur, New Delhi, Gurugram, Bengaluru",1
"Hybrid - Gurugram, haryna",1
"Hyderabad, New Delhi, Gurugram",1
Gurugram(Sector 43),1
"Hybrid - Bhubaneswar, Indore, Gurugram, Mumbai (All Areas)",1
"Gurugram, Jammu",1
"Gurugram, Ahmedabad, Bengaluru",1
"Kolkata, Gurugram",1
"Hybrid - Pune, Gurugram, Mumbai (All Areas)",1
"New Delhi, Gurugram, Bengaluru",1
"Kolkata, Hyderabad, Pune, Ahmedabad, Bengaluru",1
"Kolkata, India",1
"Kolkata, Noida, Bhubaneswar, Mumbai, New Delhi, Hyderabad, Pune, Chennai, Bengaluru",1
"Kolkata, Hyderabad, India",1
"Hybrid - Kolkata, Pune, Chennai",1
"Kolkata, Hyderabad, Mumbai (All Areas)",1
"Kolkata, Bhubaneswar, Visakhapatnam",1
"Kolkata, Visakhapatnam, Chennai",1
"Kolkata, New Delhi, Pune",1
"Kolkata, Pune, India",1
"Kolkata, India, Delhi / NCR",1
"Kolkata, Indore",1
"Hybrid - Kolkata, Kochi, Coimbatore",1
"Kolkata, New Delhi, Navi Mumbai",1
"Hybrid - Kolkata, Hyderabad, Pune, Chennai, Bengaluru",1
"Kolkata, Noida, Hyderabad, Pune, Chennai, Gurugram, Bengaluru",1
"Kolkata, New Delhi, Mumbai (All Areas)",1
Kolkata(EP Block Sector 5 Salt Lake +1),1
"Hybrid - Kolkata, Mumbai, Hyderabad, Pune, Gurugram, Chennai, Bengaluru",1
"Hyderabad, New Delhi, Faridabad, Ahmedabad, Bengaluru",1
"Gandhinagar, Ahmedabad, Rajkot",1
"Gandhinagar, Hyderabad, Pune, Ahmedabad",1
Ahmedabad(Gift City),1
Ahmedabad(Krishnanagar),1
Ahmedabad(South Bopal),1
Hybrid - Ahmedabad(Sindhu Bhavan Road),1
"Hybrid - Ahmedabad, Hyderabad, Mumbai (All Areas)",1
"Hybrid - Ahmedabad, Indore, Coimbatore",1
"Hybrid - Ahmedabad, Chennai, Coimbatore",1
"Ahmedabad, Gurugram, Bengaluru",1
"Ahmedabad, Bengaluru, Vadodara",1
"Hybrid - Ahmedabad, Noida, Chennai",1
"Hybrid - Ahmedabad, Noida, Delhi / NCR",1
"Ahmedabad, Valsad",1
"Ahmedabad, Mumbai, Surat",1
"Hybrid - Ahmedabad, Patna, Bengaluru",1
"Ahmedabad, Mumbai, New Delhi, Pune, Chennai, Bengaluru",1
"Hybrid - Ahmedabad, Mumbai, Pune",1
"Hybrid - Ahmedabad, Pune",1
"Bengaluru, Vadodara",1
Bengaluru(Electronics City Phase 1),1
Bengaluru(Shivaji Nagar),1
Bengaluru(Banaswadi),1
"Hybrid - Noida, Pune, Gurugram, Bengaluru, Mumbai (All Areas)",1
"Hyderabad, Pune(Pune Nashik Highway), Bengaluru",1
Hybrid - Bengaluru(Sarjapur Road),1
"Hosur, Tumkur, Bengaluru",1
Bengaluru(Virgonagar +3),1
"Hosur, Kadapa, Tirupati, Anantapur, Krishnagiri, Kuppam, Sira, Chittoor, Bengaluru(Attibele)",1
"Nagamangala, Malavalli, Mandya(Srirangapatna), Magadi, Tumkur, Mysuru(Nanjangud), Maddur, Bengaluru(Harohalli), Ramanagara",1
"Noida, Hyderabad, Pune, Chennai, Gurugram, Bengaluru, Greater Noida",1
Bengaluru(Yeshwanthpur Industrial Area),1
Bengaluru(Mahadevapura),1
Bengaluru(M.G Road),1
Mumbai (All Areas)(Vikhroli West),1
Mumbai (All Areas)(Churchgate),1
"Hybrid - Mumbai (All Areas), Noida, Pune, Gurugram, Bengaluru",1
"Mumbai Suburban, Mumbai (All Areas)(Malad)",1
Hybrid - Mumbai(Lower Parel),1
Hybrid - Mumbai(Ghansoli),1
Mumbai (All Areas)(Goregaon),1
Mumbai (All Areas)(Thane West),1
Hybrid - Mumbai(Andheri East),1
Mumbai(Parel),1
Hybrid - Mumbai(Vikhroli),1
"Mumbai, Noida, Ahmedabad",1
"Navi Mumbai, Thane, Mumbai (All Areas)(Airoli +3)",1
Mumbai(Malad),1
Mumbai (All Areas)(Vikhroli),1
Mumbai (All Areas)(Vidyavihar),1
Mumbai (All Areas)(Lower Parel),1
"Mumbai (All Areas), New Delhi, Bengaluru",1
"Mumbai (All Areas), Nagpur, Pune",1
"Mumbai, Goregaon",1
"Mumbai Suburban, Navi Mumbai, Mumbai (All Areas)(Seawoods)",1
"Hybrid - Mumbai, Gurugram",1
"Mumbai Suburban, Mumbai (All Areas)(Jogeshwari West)",1
Mumbai (All Areas)(Malad),1
"Hybrid - Mumbai(Linking Road), Thane",1
Hyderabad(Begumpet),1
"Hyderabad, Noida, Pune",1
"Hybrid - Pune, Noida, Gurugram, Bengaluru, Mumbai (All Areas)",1
"Pune(Pune Nashik Highway), Hyderabad, Bengaluru",1
"Pune, Madhubani",1
Pune(Kalyani Nagar),1
Hybrid - Pune(Shivaji Nagar),1
"Pune, Chennai, Mumbai (All Areas)",1
"Pune, Chennai, Gurugram",1
Pune(Balewadi Phata),1
Pune(Hinjewadi Phase 2),1
"Pune, Kotharud",1
Pune(Mahalunge +2),1
"Pune, Nagpur, Mumbai (All Areas)",1
"Hybrid - Pune, Hyderabad, Bengaluru(Electronics City Phase 1)",1
"Pune, Kolkata, Nagpur, Hyderabad, Mumbai (All Areas)",1
"New Delhi, Lakshadweep, Panaji, Dadra & Nagar Haveli, Nagar, North & Middle Andaman, Daman & Diu, Jammu",1
"New Delhi, Delhi / NCR",1
"Hybrid - New Delhi, Noida, Gurugram",1
Gurugram(Sector 30),1
"Hybrid - Gurugram, Chennai",1
Delhi / NCR(Sector 135),1
New Delhi(Pitampura),1
New Delhi(Kirti Nagar),1
"Hybrid - Delhi / NCR, Noida, Jaipur",1
Gurugram(Bilaspur),1
"Delhi / NCR, Noida, Hyderabad",1
"Delhi / NCR, Ahmedabad, Bengaluru",1
New Delhi(Hauz Khas),1
"Hybrid - Chennai, Gurugram",1
Chennai(Thoraipakkam),1
"Chennai(Thoraipakkam), Coimbatore(Saravanampatti )",1
"Chennai, Madurai",1
"Chennai, Pune, Mumbai (All Areas)",1
Hybrid - Chennai(Taramani),1
"Hybrid - Chennai, Kochi, Thiruvananthapuram",1
"Chennai, Pune, Gurugram",1
"Chennai, Noida",1
"Chennai, Tirupati",1
Chennai(Mettukuppam),1
Chennai(Kovilambakkam),1
Chennai(Gopalapuram),1
"Chennai, Ahmedabad",1
Chennai(Nandanam),1
"Chennai, Kochi, Mumbai, Chandigarh, New Delhi, Lucknow, Thrissur, Ahmedabad, Jaipur, Bengaluru",1
"Chennai, Mumbai, New Delhi, Bengaluru",1
"Chennai(Poonamallee +3), Madurai, Coimbatore",1
"Chennai(Red Hills), Kochi(Kalamassery), Coimbatore(Othakalmandapam)",1
Chennai(Ambattur Industrial Estate),1
"Chennai, Vadodara",1
"Chennai, Noida, Bhopal, Mumbai, Nagpur, Dehradun, Mangaluru, Hyderabad, Pune, Ahmedabad, Coimbatore, Bengaluru",1
"Chennai, Kochi, Hyderabad, Bengaluru, Thiruvananthapuram",1
Chennai(Akkarai),1
Chennai(Kattankulathur),1
Chennai(Mogappair),1
"Hybrid - Noida, New Delhi, Gurugram",1
"Noida, Ghaziabad, Faridabad",1
"Noida, Mohali, Hyderabad, Gurugram",1
"Noida, Ghaziabad",1
"Noida, Bhopal, Mumbai, Nagpur, Dehradun, Mangaluru, Hyderabad, Pune, Chennai, Ahmedabad, Coimbatore, Bengaluru",1
"Noida, Jalgaon, Ghazipur, Kolhapur, Jaunpur, Nagar, Ballia, Lucknow, Mathura, Deoria, Narnaul, Satna",1
"Noida, Hyderabad, Coimbatore",1
Noida(Sector 67),1
Noida(Sector 127),1
"Noida, Chandigarh, New Delhi, Lucknow, Gurugram, Jaipur",1
"Greater Noida, Viramgam, Kanchipuram",1
"Noida, Bhubaneswar",1
"Noida, Mumbai, Visakhapatnam, Hyderabad, Pune, Bengaluru",1
"Noida, Mumbai, Visakhapatnam, Hyderabad, Pune, Chennai, Gurugram, Bengaluru",1
"Noida, Patna",1
"Noida, Bengaluru, Mumbai (All Areas)",1
"Greater Noida(Pari Chowk), India",1
Hybrid - Greater Noida(Greater Noida West),1
"Hybrid - Noida(Noida Greater Noida Expressway), Pune, Bengaluru",1
"Noida, Ghaziabad, Greater Noida",1
Noida(Sector 9),1
Noida(Noida Greater Noida Expressway +1),1
Noida(A Block Sector 63),1
"Noida, Gurugram, Greater Noida",1
"Noida, Pallavaram",1
Noida(Sector 59),1
"Noida, Meerut",1
"Greater Noida, Thiruvananthapuram",1
"Noida, Ghaziabad, New Delhi, Gurugram",1
"Gurugram, Vadodara",1
"Hybrid - Gurugram(MG Road), Delhi / NCR",1
"Hybrid - New Delhi, Faridabad, Gurugram, Delhi / NCR",1
Gurugram(Sector 15),1
Gurugram(Sector 10),1
Gurugram(Sector 50),1
Gurugram(Sector 57),1
"Gurgaon, Gwalior, Delhi, Agra, Jaipur",1
"Gurugram, United States (USA)",1
Gurugram(Udyog Vihar Phase 1),1
Gurugram(DLF Phase 2),1
"New Delhi(Mahipalpur +5), Gurugram",1
Gurugram(Badshahpur),1
Gurugram(Sector 7 Extension),1
Gurugram(Sector 61),1
"Hybrid - Kolkata, Howrah, South Twenty Four Parganas",1
Kolkata(Topsia),1
Kolkata(EP Block Sector 5 Salt Lake +2),1
Hybrid - Kolkata(Chinar Park),1
"Kolkata, Nagpur, Hyderabad, Pune, Mumbai (All Areas)",1
Kolkata(Bantala),1
Kolkata(Entally),1
"Kolkata, Ganganagar",1
"Kolkata, Ranchi",1
Kolkata(Madhyamgram),1
"Kolkata, Guwahati, Patna",1
"Hybrid - Kolkata, Pune, Ahmedabad",1
"Kolkata, Bhubaneswar, Lucknow",1
"Hybrid - Kolkata, Chennai, Mumbai (All Areas)",1
Kolkata(Salt Lake +1),1
"Kolkata, Varanasi, Darsi, Bengaluru",1
"Kolkata, Bhubaneswar, Varanasi, Pune, Bengaluru",1
Kolkata(Camac Street),1
Kolkata(Salt Lake +2),1
"Kolkata, Nagpur, Pune",1
"Kolkata(Saduli), Guwahati(Bikash Nagar), Siliguri(Deshbandhu Para)",1
"Kolkata, Patna",1
"Kolkata, Guwahati, Bardhaman",1
Kolkata(Girish Park),1
"Kolkata, Kochi, Mumbai, Visakhapatnam, Chennai",1
"Kolkata(Park Street), Bhubaneswar",1
Kolkata(Park Street area),1
"Kolkata, Mumbai (All Areas)",1
"Kolkata, Chennai, Mumbai (All Areas)",1
Kolkata(Lake Town),1
"Kolkata(Sarat Bose Road), Ahmedabad",1
"Kolkata, Durgapur",1
"Kolkata, Hyderabad, New Delhi, Ahmedabad",1
"Kolkata, Mumbai, Jaipur",1
Kolkata(New Town +1),1
"Ahmedabad, Bengaluru, Delhi / NCR",1
Ahmedabad(Gota),1
"Ahmedabad, Kochi, Mumbai, Chandigarh, New Delhi, Lucknow, Thrissur, Chennai, Jaipur, Bengaluru",1
"Ahmedabad, Noida, Bhopal, Mumbai, Nagpur, Dehradun, Mangaluru, Hyderabad, Pune, Chennai, Coimbatore, Bengaluru",1
"Ahmedabad, Dungarpur, Raipur",1
"Hybrid - Ahmedabad, Kolkata, Pune",1
"Ahmedabad, Kolhapur",1
"Ahmedabad, Chennai, Delhi / NCR",1
Ahmedabad(Shela),1
Ahmedabad(CG Road),1
"Ahmedabad, Dholka",1
"Ahmedabad(Sanand), Sanand",1
"Ahmedabad, Hosur, Baddi",1
"Ahmedabad, Becharaji",1
"Ahmedabad, Sitapur",1
"Ahmedabad, Mumbai, Hyderabad, Pune, Chennai, Bengaluru",1
"Ahmedabad, Kochi, Mumbai, Hyderabad, Pune, Chennai, Bengaluru",1
"Ahmedabad, Mumbai, Indore, New Delhi, Pune, Chennai, Bengaluru",1
"Ahmedabad, Mumbai, Bengaluru",1
Ahmedabad(Ambli Bopal),1
"Ahmedabad, Hyderabad, uchana",1
"Ahmedabad, Mumbai, Vadodara",1
"Ahmedabad, Thane, Gurugram",1
Ahmedabad(Chhatral),1
Ahmedabad(Ahmedabad Cantonment),1
"Ahmedabad, Viramgam",1
"Ahmedabad, Kolkata(Sarat Bose Road)",1
"Ahmedabad, Amreli, Jamnagar, Rajkot",1
"Ahmedabad, Ludhiana",1
"Ahmedabad, Viramgam, Seoni, Dholka, New Delhi, Jammu",1
"Ahmedabad, Khambhat, Hazira",1
"Ahmedabad, Kolkata, Hyderabad, New Delhi",1
"Ahmedabad, Surat, Vadodara",1
"Ahmedabad, Mumbai, Hyderabad, Chennai",1
"Ahmedabad, Hyderabad, Pune",1
Bengaluru(Dairy Circle),1
Bengaluru(Kamakshipalya),1
"Noida(Sector 83), Bengaluru(Jayanagar)",1
"Noida, Nagpur, Pune, Bengaluru",1
"Kalyani, Bengaluru",1
Bengaluru(Ashok Nagar),1
Bangalore/Bengaluru(Sector 6 HSR Layout),1
Bengaluru(Hoskote),1
"Hybrid - Mumbai(Powai), Pune",1
"Mumbai (All Areas), Kolkata, Delhi / NCR",1
"Mumbai(Lower Parel), Mumbai (All Areas)",1
"Mumbai(Andheri East), Navi Mumbai, Mumbai (All Areas)",1
"Navi Mumbai, Pune, Mumbai (All Areas)",1
"Mumbai, Noida, Gurugram, Bengaluru",1
"Mumbai, Hyderabad, Pune, Gurugram",1
"Mumbai, Noida, Hyderabad, Pune, Gurugram, Chennai, Coimbatore, Bengaluru",1
"Mumbai(Belapur), Panvel, Navi Mumbai",1
"Mumbai, Noida",1
"Mumbai Suburban(Goregaon), Pune",1
"Mumbai, Noida, Pune, Chennai, Gurugram, Bengaluru",1
"Mumbai, Hyderabad, Pune",1
"Hybrid - Mumbai (All Areas), Bangalore Rural, Chennai",1
"Hybrid - Navi Mumbai, Mumbai (All Areas)(Rabale)",1
"Hybrid - Navi Mumbai, Bengaluru",1
"Navi Mumbai, Bengaluru",1
"Hybrid - Mumbai (All Areas), Bhubaneswar, Indore",1
Mumbai(Borivali West),1
"Navi Mumbai, Pune, Bengaluru, Delhi / NCR, Aurangabad, Mumbai (All Areas)",1
"Hybrid - Mumbai (All Areas), Hyderabad(Miyapur), Bengaluru",1
"Mumbai Suburban, Vapi, Pune",1
"Mumbai(Vikhroli), Thane, Navi Mumbai",1
"Hyderabad, Noida, Bengaluru",1
"Hybrid - Pune, Mumbai(Powai)",1
"Mumbai, Nagpur, Pune, Gurugram",1
"Hybrid - Pune, Noida, Chennai",1
"Pune, Noida, Nagpur, Bengaluru",1
"Pune, Navi Mumbai, Mumbai (All Areas)",1
Pune(Baner +1),1
"Pune(Hinjewadi), Jaipur(Bapu Nagar)",1
"Pune, Indore, Hyderabad",1
Pune(Wakad +3),1
"Hybrid - Pune, Udaipur, Bengaluru",1
"Pune, Mumbai, Hyderabad, Gurugram",1
"Pune, Noida, Mumbai, Hyderabad, Gurugram, Chennai, Coimbatore, Bengaluru",1
"Pune, Baner",1
"Hybrid - Pune, Hyderabad, Gurugram",1
"Temp. WFH - Pune, Kolkata, Chennai",1
"Pune, India, Delhi / NCR",1
Pune(Bhosari),1
Pune(Shivaji Nagar),1
"Pune, Bhubaneswar, Mumbai (All Areas)",1
"Pune, Kolkata, India",1
"Pune, Remote, Delhi / NCR",1
"Noida, New Delhi, Gurugram, Bengaluru, Delhi / NCR",1
"Delhi / NCR, Kolkata, Mumbai (All Areas)",1
"Delhi / NCR, Gurugram, Bengaluru",1
"Gurugram, Yamuna Nagar",1
Faridabad(Sector 68),1
"Noida, Mumbai, Gurugram, Bengaluru",1
"Delhi / NCR, Faridabad, Gurugram",1
"Noida, Bengaluru, Secunderabad",1
"Noida, Mumbai, Hyderabad, Pune, Gurugram, Chennai, Coimbatore, Bengaluru",1
"New Delhi, Chandigarh",1
"Delhi / NCR, Noida, Greater Noida",1
"Delhi / NCR, Bangalore Rural, Bengaluru",1
"Kochi, Noida, Bengaluru",1
"Delhi / NCR, Pune, India",1
"Gurugram, Manesar",1
"Hybrid - Delhi / NCR, Noida",1
"Hybrid - Kolkata, Gurugram",1
"Hyderabad, Puducherry, Chennai, Coimbatore, Bengaluru",1
Nagercoil,1
"Hybrid - Chennai, Noida, Pune",1
Chennai(Aminjikarai),1
"Chennai(Pallavaram), Coimbatore",1
"Chennai, Kolar, Bengaluru",1
"Temp. WFH - Chennai, Kolkata, Pune",1
"Chennai, Gandhi",1
Chennai(Manali +1),1
Chennai(Sholinganallur),1
Chennai(Ambattur),1
"Hybrid - Chennai, Bangalore Rural, Gurugram",1
Hybrid - Chennai(Perungudi),1
"Chennai, Noida, Mumbai, Pune, Gurugram, Bengaluru",1
"Chennai, Mysuru, Bengaluru",1
Chennai(Navalur),1
"Hybrid - Chennai, Bangalore Rural, Mumbai (All Areas)",1
"Hybrid - Chennai, Ahmedabad, Bengaluru",1
"Chennai, Delhi / NCR, Bengaluru",1
"Hybrid - Chennai, Bengaluru, Vellore",1
"Noida, Mumbai, Hyderabad, Gurugram, Bengaluru",1
"Noida, Kolkata, New Delhi, Gurugram, Bengaluru",1
"Noida, Mumbai, Pune, Chennai, Gurugram, Bengaluru",1
"Hybrid - Noida, Bengaluru, Delhi / NCR",1
"Noida, Bhopal, Bareilly, Gwalior, Chandigarh, Indore, Patna, Agra, Delhi / NCR",1
"Noida, Gandhinagar, Pune(Kharadi)",1
Noida(Noida Extension),1
"Noida, Kochi, Mumbai, Indore, Pune, Chennai, Jaipur",1
"Noida(Sector 126), Chandigarh(IT Park)",1
"Noida(Noida Greater Noida Expressway), Greater Noida",1
"Noida, Lucknow",1
"Noida, Bareilly, Aligarh",1
"Hybrid - Noida, Delhi / NCR, Mumbai (All Areas)",1
"Noida, Kolkata, Mumbai, Hyderabad, Pune, Chennai, Gurugram, Greater Noida, Bengaluru",1
"Noida, Lucknow, Agra",1
"Hybrid - Noida, Kolkata, Visakhapatnam",1
"Hybrid - Noida, Visakhapatnam, Mumbai (All Areas)",1
"Hybrid - Noida, Greater Noida, Delhi / NCR",1
Hybrid - Noida(Sector 132),1
"Noida, Mumbai Suburban, Navi Mumbai",1
"Noida, Kolkata, Mumbai, Pune",1
"Noida, Ghaziabad, New Delhi",1
"Hybrid - Noida, Pune, Delhi / NCR",1
"Noida(Sector 135), Gurugram(Udyog Vihar Phase 3)",1
"Noida, Mumbai, Hyderabad, Chennai, Bengaluru",1
Hybrid - Noida(Sector 144),1
"Hybrid - Noida(Sector 132 +1), Greater Noida, Delhi / NCR",1
Greater Noida(Greater Noida West),1
"Hybrid - Noida(Sector 6), Delhi / NCR",1
"Greater Noida(Greater Noida West), Ghaziabad",1
Greater Noida(Knowledge Park 2),1
"Hybrid - Bangalore Rural, Gurugram, Chennai",1
Hybrid - Gurugram(Udyog Vihar Phase 1),1
"Hybrid - Bhubaneswar, Hyderabad, Gurugram",1
"Neemrana, Gurugram, Alwar",1
"New Delhi, Faridabad, Gurugram",1
"Kolkata, Hyderabad, Pune, Bengaluru, Delhi / NCR",1
"Kolkata, Hyderabad, Pune, Gurugram, Bengaluru",1
"Kolkata, Indore, Pune, Bengaluru",1
"Temp. WFH - Kolkata, Pune, Chennai",1
"Kolkata, Srinagar, Bengaluru, Jammu",1
"Kolkata, Bengaluru, Koch Bihar",1
"Hybrid - Kolkata, Chennai, Bengaluru",1
Kolkata(EP Block Sector 5 Salt Lake),1
Hybrid - Kolkata(New Town),1
"Hybrid - Kolkata, Bhopal, Ahmedabad",1
"Kolkata, Noida, Mumbai, Hyderabad, Pune, Chennai, Gurugram, Greater Noida, Bengaluru",1
"Hybrid - Kolkata, Noida, Visakhapatnam",1
"Kolkata, Visakhapatnam",1
Kolkata(Lake Gardens),1
"Kolkata, Noida, Mumbai, Pune",1
"Hybrid - Kolkata, Pune, Bangalore Rural",1
Singrauli,1
"Kolkata, Mumbai, Pune",1
"Kolkata, Mumbai, New Delhi, Chennai, Bengaluru",1
"Kolkata, Mumbai, New Delhi",1
Kolkata(Baruipur),1
"Kolkata(Park Street), Patna(Lodipur), Ranchi(Ashok Vihar)",1
Kolkata(Ballygunge Circular Road),1
"Kolkata, Pune, Ahmedabad",1
"Gandhinagar, Ahmedabad, Vadodara",1
"Hybrid - Ahmedabad, Rohtak, Ludhiana",1
"Ahmedabad, Valsad, Surat(Katargam)",1
"Ahmedabad, Mundra",1
"Ahmedabad, Junagadh, Surat(Katargam)",1
"Ahmedabad, Bhopal, Bengaluru",1
"Ahmedabad, Junagadh, Surat",1
"Hybrid - Ahmedabad, Kolkata, Bhopal",1
"Ahmedabad, Patna, Gaya",1
"Ahmedabad, Jaipur",1
"Hybrid - Ahmedabad, Mumbai(Hiranandani Gardens Powai)",1
"Ahmedabad, Vapi, Vadodara",1
"Hybrid - Ahmedabad, Bengaluru",1
Ahmedabad(Navrangpura),1
"Ahmedabad, Gurugram",1
"Ahmedabad, Bhopal, Indore, Lucknow, Delhi / NCR",1
"Ahmedabad, Udaipur",1
"Ahmedabad, Bhavnagar, Surat",1
"Ahmedabad(Navrangpura), Surat(Singanpor)",1
"Ahmedabad, Kolkata, Pune",1
"Remote, Bengaluru",1
"Remote, Pune, Delhi / NCR",1
"Hybrid - Indore, Bengaluru, Mumbai (All Areas)",1
Hybrid - Bengaluru(Church Street),1
"Bangalore Rural, Chennai, Bengaluru",1
"Hybrid - Indore, Pune, Bengaluru",1
"Hybrid - Bengaluru, pan india",1
"Hybrid - Chandigarh, Hyderabad, Bengaluru",1
"Kochi, Bengaluru, Delhi / NCR",1
"Bangalore Rural, Pune",1
Bengaluru(MG Road),1
"Jaipur, Bengaluru",1
Hybrid - Bengaluru(Thanisandra +1),1
"Hyderabad, Pune, Chennai, Bengaluru",1
Hybrid - Bengaluru(Manayata Tech Park),1
Bangalore/Bengaluru(Electronic City),1
"Bhubaneswar, Hyderabad, Bengaluru",1
"Mumbai, Hyderabad, New Delhi, Pune, Chennai, Gurugram, Bengaluru",1
Hybrid - Mumbai(Chandivali),1
"Mumbai (All Areas), Bangalore Rural, Bengaluru",1
"Hybrid - Mumbai (All Areas), Kolkata, Pune",1
Mumbai(Sion),1
"Hybrid - Mumbai (All Areas), Hyderabad, Chennai",1
"Mumbai, Noida, Hyderabad, Pune, Chennai, Gurugram, Coimbatore, Bengaluru",1
"Navi Mumbai, Pune, Gurugram",1
"Hybrid - Navi Mumbai, Pune, Gurugram",1
"Mumbai (All Areas), Ahmedabad, Delhi / NCR",1
"Hybrid - Mumbai (All Areas), Noida, Pune",1
"Mumbai, Noida, Pune, Chennai, Ahmedabad, Bengaluru",1
"Hyderabad, Visakhapatnam",1
"Hybrid - Hyderabad, Pune, Bangalore Rural",1
"Pune, Bangalore Rural",1
"Pune, Mumbai, Nashik",1
"Hybrid - Pune, Maharashtra",1
"Pune, Noida, Hyderabad, Chennai, Bengaluru",1
"Pune, Mumbai, Hyderabad, New Delhi, Chennai, Gurugram, Bengaluru",1
"Hybrid - Pune, maharastra",1
"Pune, Telangana",1
"Hybrid - Pune, Chennai, Coimbatore",1
Pune(Magarpatta),1
"Hybrid - New Delhi, pan india",1
"New Delhi, Hyderabad, Gurugram",1
"New Delhi, Kolkata, Bengaluru",1
"New Delhi, Mumbai, Hyderabad, Pune, Chennai, Gurugram, Bengaluru",1
"Hybrid - Delhi / NCR, Bengaluru",1
"Hybrid - Chennai, Ahmedabad",1
"Chennai, Mumbai, Hyderabad, New Delhi, Pune, Gurugram, Bengaluru",1
Chennai(Parry's Corner),1
"Hybrid - Chennai, Ahmedabad, Coimbatore",1
"Hybrid - Chennai, Pune, Coimbatore",1
"Hybrid - Chennai, Mumbai (All Areas)",1
Chennai(Chennai Central RS),1
Chennai(Siruseri Sipcot IT Park),1
"Hybrid - Chennai, Hyderabad, Mumbai (All Areas)",1
"Noida, Mumbai, Hyderabad, Pune, Chennai, Gurugram, Coimbatore, Bengaluru",1
"Hybrid - Noida, Bengaluru, Greater Noida",1
"Hybrid - Noida, Faridabad",1
Noida(B Block Sector 6),1
"Noida, Bhubaneswar, Kolkata, Pune, Chennai, Gurugram, Bengaluru",1
Noida(Sector 58),1
"Noida, Sector-63",1
"Noida, Pune, Mumbai (All Areas)",1
"Hybrid - Hyderabad, Gurugram, Bengaluru(Kadubeesanahalli)",1
Hybrid - Gurugram(Sector 44),1
"Hybrid - Bangalore Rural, Gurugram, Bengaluru",1
"Pune, Gurugram, Chennai",1
Gurugram(Palam Vihar Extension +2),1
"Hybrid - Kolkata, Pune, Mumbai (All Areas)",1
"Kolkata, Mumbai, Bengaluru",1
Kolkata(Kolkata Dakshin),1
"Kolkata, Noida, Bhubaneswar, Pune, Chennai, Gurugram, Bengaluru",1
"Kolkata, Mumbai, Hyderabad, New Delhi, Pune, Chennai, Bengaluru",1
"Hybrid - Ahmedabad, Chennai",1
"Ahmedabad, Delhi / NCR, Mumbai (All Areas)",1
Ahemdabad,1
"Ahmedabad, Chandigarh, Bengaluru",1
"Ahmedabad, Indore, Mumbai (All Areas)",1
Ahmedabad(Vastrapur),1
"Ahmedabad, Hyderabad, Chennai",1
"Remote, Delhi / NCR, Bengaluru",1
"Bengaluru, Whitefield",1
"Mohali, Chandigarh, Bengaluru",1
Bengaluru(Gottigere +1),1
"Chandigarh, Daman & Diu, New Delhi, Bengaluru, Jammu",1
"Hybrid - Hyderabad, Pune, Chennai, Bengaluru, Delhi / NCR",1
"Mysuru, Pune, Bengaluru",1
Bengaluru(Bellandur),1
Hybrid - Bengaluru(Koramangala),1
"North Goa, Bengaluru(Silk Board)",1
Hybrid - Bengaluru(ITPL),1
Hybrid - Bengaluru(Kundalahalli),1
"Pune, India, Bengaluru",1
"Hybrid - Udaipur, Bengaluru, Mumbai (All Areas)",1
"Bhubaneswar, Kolkata, Hyderabad, Pune, Chennai, Bengaluru",1
"United States (USA), Bengaluru",1
Mumbai(Malad East),1
Mumbai(Malad West),1
"Mumbai(Dadar), Nashik, Mumbai (All Areas)",1
"Mumbai (All Areas), Goregaon, Virar",1
Mumbai(Santacruz),1
"Hybrid - Mumbai, Mumbai Suburban, Navi Mumbai",1
"Mumbai, Goregaon, Mumbai (All Areas)",1
Mumbai (All Areas)(Andheri West),1
"Mumbai, Ahmedabad, Surat",1
Mumbai (All Areas)(Bandra Kurla Complex),1
Mumbai (All Areas)(Marine Lines East),1
"Navi Mumbai, Pune",1
"Mumbai, Thane, Panvel, Navi Mumbai, Kalyan, Mumbai (All Areas)",1
Mumbai(Wadala East),1
"Hybrid - Mumbai, Mumbai Suburban, Thane",1
"Hybrid - Mumbai (All Areas), Udaipur, Bengaluru",1
Hybrid - Mumbai(Andheri West +1),1
Hybrid - Mumbai(turbhe),1
"Navi Mumbai, Mumbai (All Areas)(Sanpada)",1
"Mumbai, Kolkata",1
"Mumbai (All Areas), Thane, Virar",1
Mumbai(Vidyavihar),1
"Mumbai, Nagpur, Nashik, Nanded, Nandurbar",1
"Mumbai, Beed, Bhandara, Bid, Bhiwandi, Bhusawal",1
"Mumbai, Osmanabad, Nashik, Palghar, Nandurbar",1
Mumbai(Vikhroli),1
"Mumbai, Nagpur, Hyderabad, Kanpur, Lucknow, Chennai, Ahmedabad, Gurugram, Bengaluru",1
"Mumbai, New Delhi",1
"Mumbai, Kolkata, Hyderabad, Chennai, Ahmedabad, Bengaluru",1
Mumbai(CST +1),1
"Mumbai, Borivali, Kandivali",1
Hybrid - Mumbai (All Areas)(Chakala),1
"Mumbai, Lakshadweep, Chandigarh, Nangal, New Delhi, Ahmedabad, Jammu",1
Mumbai (All Areas)(Malad West),1
"Navi Mumbai, Thane",1
"Hyderabad, Kolkata, Mumbai, New Delhi, Pune, Chennai, Bengaluru",1
"Hybrid - Hyderabad, Noida, Chennai",1
"Pune, Noida, Jaipur",1
"Pune(Baner), Mumbai(Belapur)",1
"Pune, Noida, Chennai",1
Pune(Kothrud +1),1
Pune(Senapati Bapat Road),1
"Hybrid - Pune, Hyderabad, Chennai, Bengaluru, Delhi / NCR",1
"Pune, Mysuru, Bengaluru",1
"Pune, Navi Mumbai",1
"Pune, Bhubaneswar, Kolkata, Hyderabad, Chennai, Bengaluru",1
"Pune, Thane",1
Hybrid - Pune(Viman Nagar),1
"Pune, Nasik",1
Hybrid - Pune(Aundh +5),1
"Pune, Raigarh, Parbhani, Raigad, Palghar",1
"Pune, Noida, Kochi, Kolkata, Hyderabad, Bengaluru, Thiruvananthapuram",1
"Pune, New Delhi",1
Pune(Wanwadi),1
"Pune, Noida, Mumbai, Hyderabad, Chennai, Gurugram, Coimbatore, Bengaluru",1
"Pune, Bangalore Rural, Chennai",1
"Pune, Bangalore Rural, Bengaluru",1
"Pune, Indore, Chennai, Vadodara",1
"Pune, Noida, Gurugram, Chennai, Tiruchirapalli, Mumbai (All Areas)",1
New Delhi(Mohan Co operative),1
New Delhi(Bhikaji Cama Place),1
New Delhi(Lajpat Nagar IV),1
New Delhi(Netaji Subhash Place),1
"New Delhi, Chandigarh, Daman & Diu, Bengaluru, Jammu",1
"New Delhi, Noida, United States (USA)",1
"Hybrid - Delhi / NCR, Hyderabad, Pune, Chennai, Bengaluru",1
"Gurugram, Bilaspur",1
"New Delhi, Noida(Sector 62), Delhi / NCR",1
"Delhi / NCR, Remote",1
"Hybrid - New Delhi, PAN INDIA",1
Hybrid - Faridabad,1
"Delhi / NCR, Faridabad",1
"New Delhi, Bhubaneswar, Kolkata",1
"Gurugram, Jaisalmer",1
"Noida, Orai, Moradabad, Pilibhit, Muzaffarnagar",1
"Fatehabad, Faridabad, Gurugram, Bhiwani, Hisar",1
"Bahadurgarh, Veraval, Ambala, Faridabad, Ahmedabad, Bhiwani",1
"Ghazipur, Gonda, Hapur, Ghaziabad, Gorakhpur, Nagar",1
"Noida, Kochi, Kolkata, Hyderabad, Pune, Bengaluru, Thiruvananthapuram",1
"New Delhi, Mumbai",1
"Delhi / NCR, Jaipur",1
Chennai(Kilpauk),1
Kochi,1
"Chennai, Noida, Pune",1
Chennai(Anna Salai),1
"Hybrid - Chennai, Hyderabad, Pune, Bengaluru, Delhi / NCR",1
"Chennai, Gurugram",1
"Chennai, Bhubaneswar, Kolkata, Hyderabad, Pune, Bengaluru",1
Chennai(Nungambakkam +1),1
"Hybrid - Chennai, Kolkata, Hyderabad",1
Chennai(Mylapore),1
"Chennai, Avadi, Ariyalur, Dharmapuri, Coimbatore, Cuddalore",1
"Chennai, Ambattur, Avadi, Alandur, Ariyalur, Gangtok",1
"Chennai, Mumbai, Nagpur, Hyderabad, Kanpur, Lucknow, Ahmedabad, Gurugram, Bengaluru",1
"Chennai, Kolkata, Mumbai, Hyderabad, Ahmedabad, Bengaluru",1
"Chennai, Indore, Hyderabad, Bengaluru",1
"Chennai, Pune, Bangalore Rural",1
"Chennai, Indore, Pune, Vadodara",1
"Chennai, Noida, Pune, Gurugram, Tiruchirapalli, Mumbai (All Areas)",1
"Chennai, Kolkata, Pune, Coimbatore, Bengaluru, Thiruvananthapuram",1
"Chennai, Kolkata, Mumbai, Hyderabad",1
"Chennai, Kolkata, Mumbai, Hyderabad, Pune, Gurugram, Bengaluru",1
"Chennai, Bhubaneswar, Kolkata, Hyderabad, Pune, Gurugram, Bengaluru",1
"Chennai, Nagar, Hyderabad, Pune, Attur, Industrial, Bengaluru",1
"Chennai, Kochi, Bengaluru",1
"Hybrid - Chennai, Hyderabad, Delhi / NCR",1
"Chennai, Kochi, Hyderabad",1
"Chennai, Hyderabad, Gurugram",1
Hybrid - Chennai(Guindy),1
"Chennai, Bhopal",1
"Noida(Sector 62), New Delhi, Delhi / NCR",1
"Noida, Hyderabad, Pallavaram",1
Hybrid - Noida(Film City),1
"Noida, Gurgaon/Gurugram, Delhi / NCR",1
"Noida, Ghaziabad, Rudrapur, Faridabad, Gurugram, Delhi / NCR",1
"Noida, Pune, Gurugram, Chennai, Tiruchirapalli, Mumbai (All Areas)",1
"Noida, Kolkata, Pune",1
Noida(Sector 98),1
"Hybrid - Noida, Mumbai (All Areas)",1
"Noida, Pune, Faridabad",1
"Noida, New Delhi, Bandra, Chennai, Bengaluru",1
"Greater Noida, Hyderabad",1
"Noida, Mumbai, Thane, New Delhi, Uppal, Gurugram",1
"Noida, Bhubaneswar, Kolkata, Hyderabad, Pune, Chennai, Bengaluru",1
"Noida, New Delhi, Pune",1
"Hybrid - Noida, Gurugram, Mumbai (All Areas)",1
"Greater Noida, Pune",1
Noida(Sector 65),1
Noida(Hosiery Complex),1
Noida(H Block Sector 63),1
"Gurgaon/Gurugram, Noida, Delhi / NCR",1
"Kolkata, Mumbai, Hyderabad, Pune, Chennai, Gurugram, Bengaluru",1
"Bhubaneswar, Kolkata, Hyderabad, Pune, Chennai, Gurugram, Bengaluru",1
"Udaipur, Gurugram, Bengaluru",1
"Hyderabad, Gurugram, Chennai",1
Gurugram(Sector 32),1
"Kolkata, Hyderabad, Gurugram",1
"Mumbai, Hyderabad, Pune, Gurugram, Bengaluru, Vadodara",1
"Gurugram(Dwarka Expressway), Uttam Nagar, Dwarka, Dwarka, Delhi",1
"Agra, Gurugram, gurgaon,sikandra,agra",1
"Kolkata, Bhubaneswar, Hyderabad, Pune, Chennai, Bengaluru",1
"Hybrid - Kolkata, Hyderabad, Chennai",1
"Kolkata, Kharagpur, Medinipur, Nadia, Asansol, Malda",1
"Kolkata, Bhubaneswar, New Delhi",1
"Kolkata, Mumbai, Hyderabad, Chennai, Ahmedabad, Bengaluru",1
"Kolkata, Noida, Kochi, Hyderabad, Pune, Bengaluru, Thiruvananthapuram",1
"Kolkata, Pune, Chennai, Coimbatore, Bengaluru, Thiruvananthapuram",1
"Kolkata, Mumbai, Hyderabad, Chennai",1
"Kolkata, Bhubaneswar, Hyderabad, Pune, Chennai, Gurugram, Bengaluru",1
"Kolkata, Noida, Pune",1
"Kolkata, Noida, Bhubaneswar, Hyderabad, Pune, Chennai, Bengaluru",1
"Kolkata, Kanpur, New Delhi, Bengaluru",1
"Kolkata, Barasat",1
"Ahmedabad, Panaji",1
"Ahmedabad, Valsad, Vapi, Tapi, Vadodara",1
"Ahmedabad, Bahadurgarh, Veraval, Ambala, Faridabad, Bhiwani",1
"Ahmedabad, Mumbai, Nagpur, Hyderabad, Kanpur, Lucknow, Chennai, Gurugram, Bengaluru",1
"Ahmedabad, Kolkata, Mumbai, Hyderabad, Chennai, Bengaluru",1
"Ahmedabad, Lakshadweep, Mumbai, Chandigarh, Nangal, New Delhi, Jammu",1
Ahmedabad(Dholera),1
"Hybrid - Ahmedabad, Pune, Bengaluru",1
"Ahmedabad(Dholera), Gandhinagar",1
"Hybrid - Ahmedabad, Udaipur",1
"Ahmedabad, Pune, Bengaluru(Karnataka Layout)",1
"Ahmedabad, Haridwar, Jaipur",1
"Nagpur, Bengaluru",1
"Panchkula, Gurugram, Bengaluru",1
"Bengaluru, Thiruvananthapuram",1
Bengaluru(Sarjapur Road),1
"Hyderabad, Ahmedabad, Bengaluru",1
"Hybrid - Bengaluru, maharastra",1
"New Delhi, Bengaluru",1
Bengaluru(Electronic City),1
"Mysuru, Bengaluru",1
Bengaluru(Bommasandra),1
"Hybrid - Mumbai, Hyderabad, Pune, Gurugram, Chennai, Bengaluru",1
Hybrid - Bengaluru(Old Madras Road),1
"Noida, Kolkata, Bengaluru",1
"Chennai, Bengaluru, Thiruvananthapuram",1
"Kochi, Bengaluru, Thiruvananthapuram",1
"Kochi, Pune, Bengaluru",1
"Hybrid - Kochi, Hyderabad, Bengaluru",1
Hybrid - Bengaluru(HSR Layout),1
Hybrid - Bengaluru(Kadubeesanahalli),1
Bengaluru(5th Phase JP Nagar),1
Bengaluru(Jayanagar),1
Bengaluru(Kodathi),1
"Hybrid - Pune(Hinjewadi Phase 1), Chennai, Bengaluru",1
"Mumbai(Powai), Bengaluru(Malleshwaram West)",1
"Hyderabad, Pune, Chennai, Coimbatore, Bengaluru",1
Bengaluru(Mahalakshmi Layout),1
"Hybrid - Mumbai, Hyderabad, Bengaluru",1
Hybrid - Bengaluru(Electronics City Phase 1),1
Mumbai(Mahalaxmi),1
"Mumbai(Airoli), Mumbai Suburban, Navi Mumbai",1
Hybrid - Mumbai(Mulund),1
"Mumbai (All Areas), Gurugram",1
"Mumbai, Hyderabad, Mumbai, Hyderabad",1
"Mumbai (All Areas), Indore, Chennai",1
"Mumbai (All Areas), Remote, Pune",1
"Mumbai (All Areas)(Mahape), Nashik(MIDC Ambad), Pune(Baner)",1
"Hybrid - Mumbai (All Areas), Indore, Pune",1
Hybrid - Mumbai (All Areas)(Ghatkopar),1
"Hybrid - Mumbai, Mumbai Suburban, Mumbai (All Areas)",1
"Mumbai (All Areas), Pune, Delhi / NCR",1
"Mumbai, Andheri",1
"Mumbai (All Areas), Pune, Chennai, Bengaluru",1
"Hybrid - Navi Mumbai, Pune",1
"Mumbai, New Delhi, Pune, Solapur, Bengaluru",1
"Mumbai(Goregaon East +3), Mumbai Suburban",1
Hybrid - Mumbai(Prabhadevi),1
"Mumbai (All Areas), Noida, Bengaluru",1
Mumbai (All Areas)(Andheri East +1),1
"Mumbai, Bhubaneswar, Pune",1
"Mumbai (All Areas), Indore, Ahmedabad",1
Mumbai (All Areas)(Vikhroli East),1
"Mumbai (All Areas), Ahmedabad, Chennai",1
"Hybrid - Mumbai (All Areas), Jaipur, Bengaluru",1
Mumbai (All Areas)(Sakinaka),1
"Mumbai (All Areas), Coimbatore, Bengaluru",1
"Mumbai(Airoli), Thane, Navi Mumbai",1
"Mumbai (All Areas), Hyderabad, Pune, Chennai, Bengaluru",1
"Mumbai Suburban, Bengaluru, Mumbai (All Areas)",1
"Mumbai, Mangaluru, Pune",1
"Mumbai, Kochi, Pune",1
"Hybrid - Mumbai (All Areas), Chenani, Pune, Bengaluru",1
"Mumbai(Aarey Milk Colony), Faridabad(Suraj Kund)",1
Hybrid - Mumbai (All Areas)(Andheri East),1
"Hybrid - Mumbai (All Areas), Hyderabad, Chennai, Bengaluru",1
"Hybrid - Mumbai (All Areas), Noida, Bengaluru",1
"Mumbai, New Delhi, Hyderabad, Pune, Chennai, Gurugram, Bengaluru",1
"Mumbai, Visakhapatnam",1
"Hyderabad, Pune, Mumbai (All Areas)",1
